[{"model": "buildings.building", "pk": 1, "fields": {"name": "hospital@kochi", "address": "Ponekkara", "city": "Kochi", "state": "Kerala", "zip": "682041", "country": "India", "description": "medical services"}}, {"model": "buildings.building", "pk": 2, "fields": {"name": "hospital@faridabad", "address": "Sector 88", "city": "Faridabad", "state": "Haryana", "zip": "121002", "country": "India", "description": "medical services"}}, {"model": "buildings.block", "pk": 1, "fields": {"name": "b1", "floors": 10, "building": 1}}, {"model": "buildings.block", "pk": 2, "fields": {"name": "main", "floors": 8, "building": 2}}, {"model": "buildings.floor", "pk": 1, "fields": {"name": "ground", "no_rooms": 24, "block": 2}}, {"model": "buildings.floor", "pk": 2, "fields": {"name": "second", "no_rooms": 20, "block": 1}}, {"model": "buildings.department", "pk": 1, "fields": {"name": "Mechanical"}}, {"model": "buildings.department", "pk": 2, "fields": {"name": "Sanitation"}}, {"model": "buildings.department", "pk": 3, "fields": {"name": "Electrical"}}, {"model": "buildings.item", "pk": 1, "fields": {"item_name": "Bed", "department": 1, "item_type": "Bed", "item_value": "1", "price": 1000}}, {"model": "buildings.item", "pk": 2, "fields": {"item_name": "Fan", "department": 3, "item_type": "Fan", "item_value": "60W", "price": 400}}, {"model": "buildings.item", "pk": 3, "fields": {"item_name": "Ventilator", "department": 3, "item_type": "Ventilator", "item_value": "500W", "price": 1500}}, {"model": "buildings.roomtype", "pk": 1, "fields": {"name": "ICU"}}, {"model": "buildings.roomtype", "pk": 2, "fields": {"name": "Operation Theatre"}}, {"model": "buildings.room", "pk": 1, "fields": {"room_no": 12, "floor": 1, "room_type": 1}}, {"model": "buildings.room", "pk": 2, "fields": {"room_no": 10, "floor": 2, "room_type": 2}}, {"model": "buildings.maintenance", "pk": 1, "fields": {"maintenance_name": "Cleaning", "maintenance_date": "2022-12-27", "maintenance_description": "cleaning", "maintenance_type": "Daily", "admin": 1, "departments": [2], "rooms": [1, 2]}}, {"model": "buildings.maintenance", "pk": 2, "fields": {"maintenance_name": "Preventive", "maintenance_date": "2022-12-27", "maintenance_description": "preventive measures", "maintenance_type": "Quarterly", "admin": 1, "departments": [1], "rooms": [1, 2]}}, {"model": "buildings.ticket", "pk": 1, "fields": {"ticket_no": "7c835ef1-0c73-4d8c-9cb3-cabe6d5138f6", "room": 1, "message": "cleaning", "maintenance": 1, "created_at": "2022-12-27", "created_by": 1, "status": "Pending", "department": [2]}}, {"model": "buildings.ticket", "pk": 2, "fields": {"ticket_no": "aa3add9c-36ae-4a6d-9fee-afd82fe260e4", "room": 2, "message": "lights fix", "maintenance": 2, "created_at": "2022-12-27", "created_by": 1, "status": "Pending", "department": [3]}}, {"model": "buildings.ticket", "pk": 3, "fields": {"ticket_no": "ef69a8de-18bc-4182-bf07-aa9f134cf789", "room": 1, "message": "beds fix", "maintenance": 2, "created_at": "2022-12-27", "created_by": 1, "status": "Pending", "department": [1]}}, {"model": "buildings.ticket", "pk": 4, "fields": {"ticket_no": "476161d7-6752-4d73-9219-4ec0e47cd2e9", "room": 2, "message": "fans and bed replacement", "maintenance": 2, "created_at": "2022-12-27", "created_by": 1, "status": "Pending", "department": [1, 3]}}, {"model": "buildings.activity", "pk": 1, "fields": {"ticket": 2, "comments": "closed", "closed_at": "2022-12-27T09:45:14.745Z"}}, {"model": "buildings.activity", "pk": 2, "fields": {"ticket": 4, "comments": "fans replaced, bed remaining", "closed_at": "2022-12-27T09:46:44.566Z"}}, {"model": "buildings.itemswap", "pk": 1, "fields": {"activity": 2, "items": 2, "count": 1}}, {"model": "admin_interface.theme", "pk": 1, "fields": {"name": "Django", "active": true, "title": "Django administration", "title_color": "#F5DD5D", "title_visible": true, "logo": "", "logo_color": "#FFFFFF", "logo_max_width": 400, "logo_max_height": 100, "logo_visible": true, "favicon": "", "env_name": "", "env_color": "#E74C3C", "env_visible_in_header": true, "env_visible_in_favicon": true, "language_chooser_active": true, "language_chooser_control": "default-select", "language_chooser_display": "code", "css_header_background_color": "#0C4B33", "css_header_text_color": "#44B78B", "css_header_link_color": "#FFFFFF", "css_header_link_hover_color": "#C9F0DD", "css_module_background_color": "#44B78B", "css_module_background_selected_color": "#FFFFCC", "css_module_text_color": "#FFFFFF", "css_module_link_color": "#FFFFFF", "css_module_link_selected_color": "#FFFFFF", "css_module_link_hover_color": "#C9F0DD", "css_module_rounded_corners": true, "css_generic_link_color": "#0C3C26", "css_generic_link_hover_color": "#156641", "css_save_button_background_color": "#0C4B33", "css_save_button_background_hover_color": "#0C3C26", "css_save_button_text_color": "#FFFFFF", "css_delete_button_background_color": "#BA2121", "css_delete_button_background_hover_color": "#A41515", "css_delete_button_text_color": "#FFFFFF", "related_modal_active": true, "related_modal_background_color": "#000000", "related_modal_background_opacity": "0.3", "related_modal_rounded_corners": true, "related_modal_close_button_visible": true, "list_filter_highlight": true, "list_filter_dropdown": true, "list_filter_sticky": true, "list_filter_removal_links": false, "foldable_apps": true, "recent_actions_visible": true, "form_submit_sticky": false, "form_pagination_sticky": false}}, {"model": "members.members", "pk": 1, "fields": {"password": "pbkdf2_sha256$390000$qhtVjAinnBx9w9XOOClA8L$27QHNukv+hTC4OSQUAiJG/5fTK6ri2gz6IZovuivUe0=", "last_login": "2022-12-27T11:38:34.450Z", "is_superuser": true, "email": "admin@123.com", "first_name": "ad", "last_name": "min", "is_active": true, "is_staff": true, "is_agent": false, "is_customer": false, "admin": false, "room_no": null, "groups": [], "user_permissions": [], "department": []}}, {"model": "members.members", "pk": 2, "fields": {"password": "pbkdf2_sha256$390000$He2piH8g2ZfNUs5dWeUiqX$3ZW++6dBh34Hyas9A82yxFYGqSLr3YDdfwJXHDup258=", "last_login": "2022-12-27T10:50:28.016Z", "is_superuser": false, "email": "customer@123.com", "first_name": "customer", "last_name": "user", "is_active": true, "is_staff": false, "is_agent": false, "is_customer": true, "admin": false, "room_no": null, "groups": [], "user_permissions": [], "department": [3]}}, {"model": "members.members", "pk": 3, "fields": {"password": "pbkdf2_sha256$390000$xomauhFbC3U4iInglLNUv5$TAgCuqzb7IpOWA+xpOtA+TiCnDod+ORPcr5ptlWx5i4=", "last_login": "2022-12-27T11:22:07.651Z", "is_superuser": false, "email": "agent@123.com", "first_name": "agent", "last_name": "user", "is_active": true, "is_staff": false, "is_agent": true, "is_customer": false, "admin": false, "room_no": null, "groups": [], "user_permissions": [], "department": []}}, {"model": "auth.permission", "pk": 1, "fields": {"name": "Can add building", "content_type": 1, "codename": "add_building"}}, {"model": "auth.permission", "pk": 2, "fields": {"name": "Can change building", "content_type": 1, "codename": "change_building"}}, {"model": "auth.permission", "pk": 3, "fields": {"name": "Can delete building", "content_type": 1, "codename": "delete_building"}}, {"model": "auth.permission", "pk": 4, "fields": {"name": "Can view building", "content_type": 1, "codename": "view_building"}}, {"model": "auth.permission", "pk": 5, "fields": {"name": "Can add block", "content_type": 2, "codename": "add_block"}}, {"model": "auth.permission", "pk": 6, "fields": {"name": "Can change block", "content_type": 2, "codename": "change_block"}}, {"model": "auth.permission", "pk": 7, "fields": {"name": "Can delete block", "content_type": 2, "codename": "delete_block"}}, {"model": "auth.permission", "pk": 8, "fields": {"name": "Can view block", "content_type": 2, "codename": "view_block"}}, {"model": "auth.permission", "pk": 9, "fields": {"name": "Can add floor", "content_type": 3, "codename": "add_floor"}}, {"model": "auth.permission", "pk": 10, "fields": {"name": "Can change floor", "content_type": 3, "codename": "change_floor"}}, {"model": "auth.permission", "pk": 11, "fields": {"name": "Can delete floor", "content_type": 3, "codename": "delete_floor"}}, {"model": "auth.permission", "pk": 12, "fields": {"name": "Can view floor", "content_type": 3, "codename": "view_floor"}}, {"model": "auth.permission", "pk": 13, "fields": {"name": "Can add department", "content_type": 4, "codename": "add_department"}}, {"model": "auth.permission", "pk": 14, "fields": {"name": "Can change department", "content_type": 4, "codename": "change_department"}}, {"model": "auth.permission", "pk": 15, "fields": {"name": "Can delete department", "content_type": 4, "codename": "delete_department"}}, {"model": "auth.permission", "pk": 16, "fields": {"name": "Can view department", "content_type": 4, "codename": "view_department"}}, {"model": "auth.permission", "pk": 17, "fields": {"name": "Can add item", "content_type": 5, "codename": "add_item"}}, {"model": "auth.permission", "pk": 18, "fields": {"name": "Can change item", "content_type": 5, "codename": "change_item"}}, {"model": "auth.permission", "pk": 19, "fields": {"name": "Can delete item", "content_type": 5, "codename": "delete_item"}}, {"model": "auth.permission", "pk": 20, "fields": {"name": "Can view item", "content_type": 5, "codename": "view_item"}}, {"model": "auth.permission", "pk": 21, "fields": {"name": "Can add room type", "content_type": 6, "codename": "add_roomtype"}}, {"model": "auth.permission", "pk": 22, "fields": {"name": "Can change room type", "content_type": 6, "codename": "change_roomtype"}}, {"model": "auth.permission", "pk": 23, "fields": {"name": "Can delete room type", "content_type": 6, "codename": "delete_roomtype"}}, {"model": "auth.permission", "pk": 24, "fields": {"name": "Can view room type", "content_type": 6, "codename": "view_roomtype"}}, {"model": "auth.permission", "pk": 25, "fields": {"name": "Can add room", "content_type": 7, "codename": "add_room"}}, {"model": "auth.permission", "pk": 26, "fields": {"name": "Can change room", "content_type": 7, "codename": "change_room"}}, {"model": "auth.permission", "pk": 27, "fields": {"name": "Can delete room", "content_type": 7, "codename": "delete_room"}}, {"model": "auth.permission", "pk": 28, "fields": {"name": "Can view room", "content_type": 7, "codename": "view_room"}}, {"model": "auth.permission", "pk": 29, "fields": {"name": "Can add room item", "content_type": 8, "codename": "add_roomitem"}}, {"model": "auth.permission", "pk": 30, "fields": {"name": "Can change room item", "content_type": 8, "codename": "change_roomitem"}}, {"model": "auth.permission", "pk": 31, "fields": {"name": "Can delete room item", "content_type": 8, "codename": "delete_roomitem"}}, {"model": "auth.permission", "pk": 32, "fields": {"name": "Can view room item", "content_type": 8, "codename": "view_roomitem"}}, {"model": "auth.permission", "pk": 33, "fields": {"name": "Can add maintenance", "content_type": 9, "codename": "add_maintenance"}}, {"model": "auth.permission", "pk": 34, "fields": {"name": "Can change maintenance", "content_type": 9, "codename": "change_maintenance"}}, {"model": "auth.permission", "pk": 35, "fields": {"name": "Can delete maintenance", "content_type": 9, "codename": "delete_maintenance"}}, {"model": "auth.permission", "pk": 36, "fields": {"name": "Can view maintenance", "content_type": 9, "codename": "view_maintenance"}}, {"model": "auth.permission", "pk": 37, "fields": {"name": "Can add ticket", "content_type": 10, "codename": "add_ticket"}}, {"model": "auth.permission", "pk": 38, "fields": {"name": "Can change ticket", "content_type": 10, "codename": "change_ticket"}}, {"model": "auth.permission", "pk": 39, "fields": {"name": "Can delete ticket", "content_type": 10, "codename": "delete_ticket"}}, {"model": "auth.permission", "pk": 40, "fields": {"name": "Can view ticket", "content_type": 10, "codename": "view_ticket"}}, {"model": "auth.permission", "pk": 41, "fields": {"name": "Can add activity", "content_type": 11, "codename": "add_activity"}}, {"model": "auth.permission", "pk": 42, "fields": {"name": "Can change activity", "content_type": 11, "codename": "change_activity"}}, {"model": "auth.permission", "pk": 43, "fields": {"name": "Can delete activity", "content_type": 11, "codename": "delete_activity"}}, {"model": "auth.permission", "pk": 44, "fields": {"name": "Can view activity", "content_type": 11, "codename": "view_activity"}}, {"model": "auth.permission", "pk": 45, "fields": {"name": "Can add item swap", "content_type": 12, "codename": "add_itemswap"}}, {"model": "auth.permission", "pk": 46, "fields": {"name": "Can change item swap", "content_type": 12, "codename": "change_itemswap"}}, {"model": "auth.permission", "pk": 47, "fields": {"name": "Can delete item swap", "content_type": 12, "codename": "delete_itemswap"}}, {"model": "auth.permission", "pk": 48, "fields": {"name": "Can view item swap", "content_type": 12, "codename": "view_itemswap"}}, {"model": "auth.permission", "pk": 49, "fields": {"name": "Can add Theme", "content_type": 13, "codename": "add_theme"}}, {"model": "auth.permission", "pk": 50, "fields": {"name": "Can change Theme", "content_type": 13, "codename": "change_theme"}}, {"model": "auth.permission", "pk": 51, "fields": {"name": "Can delete Theme", "content_type": 13, "codename": "delete_theme"}}, {"model": "auth.permission", "pk": 52, "fields": {"name": "Can view Theme", "content_type": 13, "codename": "view_theme"}}, {"model": "auth.permission", "pk": 53, "fields": {"name": "Can add Member", "content_type": 14, "codename": "add_members"}}, {"model": "auth.permission", "pk": 54, "fields": {"name": "Can change Member", "content_type": 14, "codename": "change_members"}}, {"model": "auth.permission", "pk": 55, "fields": {"name": "Can delete Member", "content_type": 14, "codename": "delete_members"}}, {"model": "auth.permission", "pk": 56, "fields": {"name": "Can view Member", "content_type": 14, "codename": "view_members"}}, {"model": "auth.permission", "pk": 57, "fields": {"name": "Can add log entry", "content_type": 15, "codename": "add_logentry"}}, {"model": "auth.permission", "pk": 58, "fields": {"name": "Can change log entry", "content_type": 15, "codename": "change_logentry"}}, {"model": "auth.permission", "pk": 59, "fields": {"name": "Can delete log entry", "content_type": 15, "codename": "delete_logentry"}}, {"model": "auth.permission", "pk": 60, "fields": {"name": "Can view log entry", "content_type": 15, "codename": "view_logentry"}}, {"model": "auth.permission", "pk": 61, "fields": {"name": "Can add permission", "content_type": 16, "codename": "add_permission"}}, {"model": "auth.permission", "pk": 62, "fields": {"name": "Can change permission", "content_type": 16, "codename": "change_permission"}}, {"model": "auth.permission", "pk": 63, "fields": {"name": "Can delete permission", "content_type": 16, "codename": "delete_permission"}}, {"model": "auth.permission", "pk": 64, "fields": {"name": "Can view permission", "content_type": 16, "codename": "view_permission"}}, {"model": "auth.permission", "pk": 65, "fields": {"name": "Can add group", "content_type": 17, "codename": "add_group"}}, {"model": "auth.permission", "pk": 66, "fields": {"name": "Can change group", "content_type": 17, "codename": "change_group"}}, {"model": "auth.permission", "pk": 67, "fields": {"name": "Can delete group", "content_type": 17, "codename": "delete_group"}}, {"model": "auth.permission", "pk": 68, "fields": {"name": "Can view group", "content_type": 17, "codename": "view_group"}}, {"model": "auth.permission", "pk": 69, "fields": {"name": "Can add content type", "content_type": 18, "codename": "add_contenttype"}}, {"model": "auth.permission", "pk": 70, "fields": {"name": "Can change content type", "content_type": 18, "codename": "change_contenttype"}}, {"model": "auth.permission", "pk": 71, "fields": {"name": "Can delete content type", "content_type": 18, "codename": "delete_contenttype"}}, {"model": "auth.permission", "pk": 72, "fields": {"name": "Can view content type", "content_type": 18, "codename": "view_contenttype"}}, {"model": "auth.permission", "pk": 73, "fields": {"name": "Can add session", "content_type": 19, "codename": "add_session"}}, {"model": "auth.permission", "pk": 74, "fields": {"name": "Can change session", "content_type": 19, "codename": "change_session"}}, {"model": "auth.permission", "pk": 75, "fields": {"name": "Can delete session", "content_type": 19, "codename": "delete_session"}}, {"model": "auth.permission", "pk": 76, "fields": {"name": "Can view session", "content_type": 19, "codename": "view_session"}}, {"model": "auth.permission", "pk": 77, "fields": {"name": "Can add user log", "content_type": 20, "codename": "add_userlog"}}, {"model": "auth.permission", "pk": 78, "fields": {"name": "Can change user log", "content_type": 20, "codename": "change_userlog"}}, {"model": "auth.permission", "pk": 79, "fields": {"name": "Can delete user log", "content_type": 20, "codename": "delete_userlog"}}, {"model": "auth.permission", "pk": 80, "fields": {"name": "Can view user log", "content_type": 20, "codename": "view_userlog"}}, {"model": "sessions.session", "pk": "p7xkaj7bp82oqstwhv9o5s2ea555825m", "fields": {"session_data": ".eJxVjDsOwjAQBe_iGll2_KekzxmsXe-CA8iR4qRC3B0ipYD2zcx7iQzbWvPWeckTibPQ4vS7IZQHtx3QHdptlmVu6zKh3BV50C7Hmfh5Ody_gwq9fmsDitgPbvDRaodXCwZ0MlRiAgWhBAxOUwHlVFDeGgzJR8fJMsbI5MX7A9HTN3c:1pA8Hy:QpWQxHFBSvRSeIM0GuDhJCzjKYAjs7G4A9vfIUCzUCI", "expire_date": "2023-01-10T11:38:34.457Z"}}, {"model": "userlog.userlog", "pk": 1, "fields": {"user": 3, "token": "DnMhJ246ZtdUBw9ea3i0YWswBtAxHZPS0tmzUhHiHyqMxon8wEjufbGq0NmapIZA", "created_at": "2022-12-27T09:28:59.598Z", "updated_at": "2022-12-27T09:28:59.598Z", "ipAddress": "127.0.0.1", "log_type": "login"}}, {"model": "userlog.userlog", "pk": 2, "fields": {"user": 3, "token": "KxoSlAWG8eI4bFBOK5ZEZA1Zc50cXreHVjDMr9XosZR64mf345ooAR2qe7AeL7J9", "created_at": "2022-12-27T09:29:16.470Z", "updated_at": "2022-12-27T09:29:16.470Z", "ipAddress": "127.0.0.1", "log_type": "logout"}}, {"model": "userlog.userlog", "pk": 3, "fields": {"user": 1, "token": "CN9CdewrTkIbd0JWN9V4l0cnJsvoUeGhNzowjNx9d5Rd6Hnb79kOWhdOLu5qIUbJ", "created_at": "2022-12-27T09:29:19.149Z", "updated_at": "2022-12-27T09:29:19.149Z", "ipAddress": "127.0.0.1", "log_type": "login"}}, {"model": "userlog.userlog", "pk": 4, "fields": {"user": 2, "token": "P6B0ZRSWiIyIubrVYMjpLuZz3wvre00FHXhNNaI17hi4zXFOD3uYy5tCjCoq2dJQ", "created_at": "2022-12-27T09:29:37.197Z", "updated_at": "2022-12-27T09:29:37.197Z", "ipAddress": "127.0.0.1", "log_type": "login"}}, {"model": "userlog.userlog", "pk": 5, "fields": {"user": 3, "token": "7V2CVSleE2khiTlZJqYVUzpsifnoaDqUmg0O3hEqPx33rZ5jct4Km4xMkTl15hxP", "created_at": "2022-12-27T09:30:03.131Z", "updated_at": "2022-12-27T09:30:03.131Z", "ipAddress": "127.0.0.1", "log_type": "login"}}, {"model": "userlog.userlog", "pk": 6, "fields": {"user": 3, "token": "fxeqsFbSm9283td6Zmlx5jDRQ1TRu0hO3IMhpgQs9POlKtg6HB5n4ChBvPph4olJ", "created_at": "2022-12-27T09:38:58.864Z", "updated_at": "2022-12-27T09:38:58.865Z", "ipAddress": "127.0.0.1", "log_type": "login"}}, {"model": "userlog.userlog", "pk": 7, "fields": {"user": 1, "token": "ZTOANALmMrktRol437D0XaoydRER77UeTuWnYf7jix8MNO6NE4WaWPd6nycjpu8O", "created_at": "2022-12-27T09:45:29.821Z", "updated_at": "2022-12-27T09:45:29.821Z", "ipAddress": "127.0.0.1", "log_type": "logout"}}, {"model": "userlog.userlog", "pk": 8, "fields": {"user": 3, "token": "B67UrBsk6wdQpglJIH7QZ9TKerOCjC02vHfHCgOhCC19lG6sjEq0YOIio8m4BZeC", "created_at": "2022-12-27T09:45:32.850Z", "updated_at": "2022-12-27T09:45:32.850Z", "ipAddress": "127.0.0.1", "log_type": "login"}}, {"model": "userlog.userlog", "pk": 9, "fields": {"user": 3, "token": "XygWqvt7KDvjqHcn6mOY24p5XcKsqsycjYQRJFGGAnZLJiG7TCHNTWf9YsDFFQS7", "created_at": "2022-12-27T10:48:08.612Z", "updated_at": "2022-12-27T10:48:08.612Z", "ipAddress": "127.0.0.1", "log_type": "logout"}}, {"model": "userlog.userlog", "pk": 10, "fields": {"user": 2, "token": "UMZqMBSD91CHLdhpn3wA6X9sXIwuSL52gczl5L5cZL694OL9ajppXPZwYYpH79pX", "created_at": "2022-12-27T10:48:12.504Z", "updated_at": "2022-12-27T10:48:12.504Z", "ipAddress": "127.0.0.1", "log_type": "login"}}, {"model": "userlog.userlog", "pk": 11, "fields": {"user": 2, "token": "BQiV1qzCVrG2tQc8hmgRfrppZKNdnr3yr1iFAMO9LSCAPLKTkW4MA3QMsOfC8e2Z", "created_at": "2022-12-27T10:50:03.034Z", "updated_at": "2022-12-27T10:50:03.034Z", "ipAddress": "127.0.0.1", "log_type": "logout"}}, {"model": "userlog.userlog", "pk": 12, "fields": {"user": 3, "token": "w6nef4jY3CjsW3KlAYZIryOu2ysUWRM4mhnYOqyvT3f0iYi6DyNDMafRvCUjHELv", "created_at": "2022-12-27T10:50:06.989Z", "updated_at": "2022-12-27T10:50:06.989Z", "ipAddress": "127.0.0.1", "log_type": "login"}}, {"model": "userlog.userlog", "pk": 13, "fields": {"user": 3, "token": "nmKdi6zVpYPuD2QfsHl2MUIcEj7WvoFIErY3EoBIleRnB24aP9NEgz7tq4Z3XbaD", "created_at": "2022-12-27T10:50:08.940Z", "updated_at": "2022-12-27T10:50:08.940Z", "ipAddress": "127.0.0.1", "log_type": "logout"}}, {"model": "userlog.userlog", "pk": 14, "fields": {"user": 3, "token": "ZIiqnkkJco5LLjXnOgd5SDTq5lDr40WqgNwgJCmw8E7EJjbibIFHmiiHR6vywNrl", "created_at": "2022-12-27T10:50:13.008Z", "updated_at": "2022-12-27T10:50:13.008Z", "ipAddress": "127.0.0.1", "log_type": "login"}}, {"model": "userlog.userlog", "pk": 15, "fields": {"user": 3, "token": "W7XuIBJY8DuasCWJj55hyqdPTj3arbr9ubTYDyvhKPBetXFDkLXkoQHPiICtIWTU", "created_at": "2022-12-27T10:50:24.678Z", "updated_at": "2022-12-27T10:50:24.678Z", "ipAddress": "127.0.0.1", "log_type": "logout"}}, {"model": "userlog.userlog", "pk": 16, "fields": {"user": 2, "token": "jh4nvZFSbOWbmnQoZlnZjU5zhDmmKSm1Rl0RqWrbN03fnIzi01f29kzzG2VF1DOM", "created_at": "2022-12-27T10:50:27.993Z", "updated_at": "2022-12-27T10:50:27.993Z", "ipAddress": "127.0.0.1", "log_type": "login"}}, {"model": "userlog.userlog", "pk": 17, "fields": {"user": 2, "token": "iS7AKPrQoomFgG3rPrV9IHfAjVPDMkIkDGx9tQwXz14nX510c1FW4pZYJCGKo9oN", "created_at": "2022-12-27T10:50:32.796Z", "updated_at": "2022-12-27T10:50:32.796Z", "ipAddress": "127.0.0.1", "log_type": "logout"}}, {"model": "userlog.userlog", "pk": 18, "fields": {"user": 3, "token": "nFg0RVDL7Sm63fyzYKTTs3xSG0Ud1WsbItGzAWISiv4OKEw8lkDGOLhg6HLkDL8E", "created_at": "2022-12-27T10:50:36.027Z", "updated_at": "2022-12-27T10:50:36.027Z", "ipAddress": "127.0.0.1", "log_type": "login"}}, {"model": "userlog.userlog", "pk": 19, "fields": {"user": 3, "token": "ORcMSEdQ5e94nWEQQpBialLzNRJrj4srEePjRe16MCfsXzCFfW5rK0eoWKG5RxWT", "created_at": "2022-12-27T11:22:07.645Z", "updated_at": "2022-12-27T11:22:07.645Z", "ipAddress": "127.0.0.1", "log_type": "login"}}]